BKS3.F,BBS KRAFTFAHRZG VZ
M0X.F,MPLX
DAI.F,DAIMLER
QC1.F,NY COMMTY BANCORP
JAV2.F,ESSO THAILAND NVDR
VZ8.F,CHINA AVIATION OIL
ZEON.F,CANADIAN MINING
SKM.F,SKY PER JSAT HLDGS
UTDI.F,UNITED INTERNET N 
LHA.F,DT.LUFTHANSA N
UGI.F,SUGI HOLDINGS
OBL.F,OBIC
XCW.F,CATTOLICA ASS
OLY1.F,OLYMPUS
HNM.F,ORMAT TECHNOLOGIES
PG8.F,PLAINS GP HLDGS-A
FREA.F,FRESENIUS SP ADR
XUN.F,SHUN TAK HLDGS
YBA.F,BANCORPSOUTH
ZVR.F,SOLAR A/S
QY1.F,QUALITY SYSTEMS
21X.F,PROMETH WORLD
PM6.F,POLYMETAL INTL
QD4.F,QUANTUM ENERGY
JIX.F,JIANGXI COPPER -H-
QUS.F,QUESTAR CORP
GOI3.F,FDG ELECTRIC VEHICL
XCIA.F,CHINA UN HK SP ADR
VV0.F,VICTORY VENTURES
JE9N.F,ARIANNE PHOSPHATE
ANL.F,ANALOG DEVICES
QCQ.F,CORDY OILFIELD SVCS
HRO.F,HIROSE ELECTRIC CO
WL4N.F,INV METALS
G09.F,GENOMIC VISION
NNL.F,MONEX GROUP
BZF1.F,VMWARE-A
QGJ.F,EVERCORE PARTNERS-A
UX2A.F,XPO LOGISTICS
WI4.F,WEICHAI POWER -H-
VAI.F,VAIL RESORTS
T98.F,WRIGHT MEDICAL GR
YB2P.F,CN VANGUARD
QB3.F,QUEBECOR INC  -B-
XY8.F,BW OFFSHORE
V2M.F,VIOLIN MEMORY
ZAS.F,ASSURANT
3GZA.F,JAYA KONSTRUKSI
WEK.F,ZIOPHARM ONCOLOGY
0ZG2.F,ZILLOW GROUP-C
SRS.F,CANADIAN ZINC
TYC1.F,TAIYO YUDEN
23B.F,BRIT
QHH.F,DAI-ICHI LIFE
DRE2.F,DT REAL ESTATE
Y01A.F,YODLEE
YAV.F,SUTL ENTERPRISE
S7E.F,SHIRE
WFR.F,SUNEDISON
SPH1.F,SEKISUI HOUSE
H9B.F,HERTZ GLOBAL HLDGS
WRX1.F,WORKSPACE GRP
P7J1.F,PACIFIC NORTH WEST
WS7A.F,BINHAI INVESTMENT
KHE.F,KAWASAKI HEAVY IND
CL1A.F,WANDA HOTEL DEV
ZZA.F,CINEMARK HOLDINGS
SHA.F,SCHAEFFLER VZ
3W31.F,KAIZEN DISCOVERY
WO8.F,WALLSTR: ONLINE CAP
3NVN.F,NASS VAL GTWY
OU8.F,BEAUFIELD RESOURCES
YHA.F,YAMAHA CORP
EDD3.F,EDDING VZ
VA7A.F,VERISK ANALYTICS
JOT.F,BITTIUM
CB4.F,CAC HLDG
KA7.F,KAS BANK
4XN.F,XUNLEI SP ADS-A
0NP.F,CN NT PHARMA GR
WAF.F,SILTRONIC N
YCU.F,YUME
2JC.F,GRAPHITE ONE RES
NPY.F,NSD
0SGA.F,SIB GOLD SP ADR
YM9A.F,MAANSHAN IRON -H-
H2K1.F,XTL BIOPHARM SP ADR
WGN.F,WALGREEN
PJP.F,X5 RTL SP GDR REG-S
XB6.F,XEBEC ADSORPTION
P4W.F,PRIMO WATER
MJP.F,MORNINGSTAR JAPAN 
VIZ.F,VI(Z)RT
7PY.F,PRESS GANEY HOLDING
8ZZ.F,ZAZU METALS
TOH.F,TOHO
W5C.F,GREAT WESTERN EXPL
3VMB.F,VISIONCHINA SP ADR
WWS.F,ASSOC EST RLT REIT
ZL3.F,ZALL DEVELOPMENT
CNN1.F,CANON
05M.F,DALI FOODS 144A/S
MIU.F,SUMITOMO MITSUI T H
JP2.F,POYRY
SMZ1.F,SINO BIOPHARMA
UG8K.F,AVENG
7KJ.F,KINGOLD JEWELRY
NNIC.F,MMC NOR NICKEL ADR
TOA.F,TOSHIBA MACHINE CO
4XB.F,XBIOTECH
SWG.F,CHARLES SCHWAB
KOH.F,CHINA YUANBANG PROP
PVDA.F,STERLING BANCORP
TDF.F,TAKANO
NBO.F,NISSHINBO HLDGS
CVLC.F,VALE N1
1KG.F,KAINOS GROUP
DAP.F,DANAHER
4TR.F,THUNDERBIRD RESORTS
UMS.F,UMS UNITED MED SYST
YIN.F,SINA CORPORATION
YMO.F,YMOS
NRD.F,NORDSTROM
AT3.F,ATLAS PIPELINE
J9R.F,JAPAN STEEL WORKS
2XX.F,XXL
QS6A.F,Q-SOFT N
NGM.F,GIGAMON
VTQ.F,VERSAR INC
XIN.F,XINHUA PHARMA -H-
EXN.F,XINREN ALUMINUM
ZEL.F,ZELTIA
VO7.F,VOR RLT TR REIT-SBI
"TZ6.F,T&D; HOLDINGS"
1C8.F,CANCER GENETICS
ITTA.F,ITT
2WI.F,YUNNAN WATER -H- S
JP0.F,UNI HEALTH INTL
11P.F,PBF LOGISTICS
JGCQ.F,JET GOLD
QFB.F,ULTRA LITHIUM
WME.F,WESTMORELAND COAL
XZPN.F,VICTORY NICKEL
IZ1.F,1ST QUANTUM MINLS
0ZD.F,ZENDESK
LY1.F,LION ONE METALS
ISC1.F,ARCELORMITTAL
QSN.F,SNIPER RESOURCES
YGK.F,RANGE ENERGY RES
5GQ.F,GOLDEN QUEEN MINING
JGE.F,JULIUS BAER GRP N
UK2.F,SHANDONG WEIGAO -H-
KUG1.F,KUMAGAI GUMI CO LTD
CJI.F,JIMINEX
HYEA.F,HYSTER YALE MT-A
HI3.F,HOSA INTERNATIONAL
8MG.F,MINGFA GROUP
XKR.F,KAR AUCTION SERVICE
YIT.F,YIT
OMUB.F,OLD MUTUAL
VIS.F,VISCOFAN
XMY.F,MYBET HOLDING N
45B.F,BLACK STONE MIN
DIK.F,DENKA
CD2.F,QLIRO GROUP
YUE1.F,YUE YUEN INDUSTRIAL
EWG.F,WINGSTOP
ZTX.F,ZHUZHOU CSR TIM -H-
PHBA.F,SONOV HLDG UNSP ADR
DLR.F,DALRADIAN RES
ZAV.F,ZADAR VENTURES
TMW.F,MONSTER WORLDWIDE
ZVB.F,ZIGNAGO VETRO
ZDC.F,ZODIAC AEROSPACE
WT5.F,CAL WATER SERV GRP
XPG.F,SCHIBSTED -A-
AD5.F,ADVISORY BOARD
UNY.F,UNY GROUP HOLDINGS 
WXA.F,CAPSTEAD MORT REIT
AY3.F,ABENGOA YIELD
RL2.F,SUMITOMO REALTY DEV
4XI.F,XINCHEN CN POWER
0NH.F,NOMAD FOODS
GIS.F,GILEAD SCIENCES
R3V.F,REGENT VENTURES
ZOF.F,SBI HOLDINGS
EPE.F,EPIZYME
WMQ1.F,NORTEC MINERALS
NB2.F,NATL PENN BANCSHS
0XE.F,XERO
XWM.F,NATIONAL CINEMEDIA
0JUA.F,JUMEI INT SP ADS-A
QIT1.F,CIT GROUP
2WP.F,WORLD POINT TERM
XRP1.F,SILENCE THERA
XQB.F,ALTRA INDUST MOTORS
QU4B.F,C C LAND HLDGS
NVPB.F,KRUNG THAI BK NVDR
ZNHH.F,CHINA SOUTHN AIR-H-
WWG.F,GELSENWASSER
CM4.F,CONE MIDSTREAM PART
CPK.F,CAPCOM
8MZ.F,MAS ZAN
GJF.F,ZHONG FA ZHAN HLDGS
W5G.F,WAGEWORKS
Z3S.F,SCORPIO GOLD
SMU.F,SAMCO
YMP3.F,SYMPHONY HLDGS
TKD.F,TAKEDA PHARMA
UG5A.F,TIGER BRANDS
28T.F,TOPBUILD
QPMB.F,AQUARIUS PLT SP ADR
OMV.F,OMV 
FDK.F,AMERICAN STS WATER
IU2.F,YARA INTERNATIONAL
2OB.F,ONCOLYS BIO
32V.F,VALIDUS HLDGS
T9Z.F,ZUMTOBEL GR
6CW.F,CIG WIRELESS
TXRN.F,XERIUM TECHNOLG
OSG.F,OSG           
WW2.F,CITI TRENDS
M9R.F,CANADA ZINC METALS
CAO.F,CONAGRA FOODS
OTES.F,HELLENIC SP.ADR
W3N.F,VENTSPILS NAFTA
XSC.F,SECOM
XVO.F,BAOBAB RESOURCES
ZZMS.F,COMMERZBANK SP ADR
CXGH.F,XINJIANG GOLDWI -H-
XEJ.F,ACCURAY
KEBA.F,KENCANA AGRI
ZSB.F,SIRONA BIOCHEM
SCR.F,SOUTHCROSS ENER
B4A1.F,WALTER MEIER N
98P.F,PNM RESOURCES
NISA.F,NISSAN MOTOR CO LTD
KIS.F,KISSEI PHARMA
WER.F,WERELDHAVE NV
TGR.F,YUM BRANDS
XMPA.F,CYTORI THERAPEUTICS
MMG.F,MITSUI MNG & SMLT
NBC.F,NATL BK CANADA
ASI1.F,ASICS CORP
7SS.F,SAROSSA
4V1.F,VGP
QIN.F,QINGLING MOTORS -H-
I3N.F,CHART INDUSTRIES
WY2.F,YAMAYA
NRN.F,XCEL ENERGY 
XRG.F,XIAMEN INT PRT -H-
H4M.F,HITACHI ZOSEN FUKUI
XS4.F,ON SEMICONDUCTOR 
BRL1.F,BARLOWORLD
FJE.F,FUJI ELECTRIC
ET81.F,AETERNA ZENTARIS
YAAA.F,CDN TIRE CORP -A-
42S.F,PANDORA MEDIA
1875661.F,BCP FIN PERP NCNVP
QS31.F,SOLOCAL 
JCP.F,JC PENNEY
QLT.F,QLT 
1811020.F,ERSTE FIN 4 NCNPP
5G5.F,GOPRO-A
AON.F,AOZORA BANK
ALVA.F,ALLIANZ SP ADR
9Z1.F,VALUE PARTNERS GRP
OR7.F,ORICON
WE1.F,WERNER ENTERPRISES
PZ6.F,POZEN
VA9.F,CRED. VALTELLINESE
4AB.F,ABBVIE
4FK.F,FUKUOK FIN GROUP
HOD.F,HOSIDEN
0IG.F,TELIGENT
ZIM.F,ZIMMER BIOMET HLDGS
CA3.F,COMERICA INC
W3U.F,THE WESTERN UNION
VBO.F,CGN MINING
5ZO.F,ZUOAN FSH SP ADR
NY41.F,NRG YIELD-C
16V.F,VISIATIV 
UBRA.F,UBS N
3VF.F,VP BANK 
YSS1.F,AMERICAN INDEPENDEN
1PXA.F,PHOENIX NW SP ADS-A
YUM.F,SHK HONG KONG IND
4PX.F,YURI GAGARIN
ZEGA.F,ASTRAZENECA SP ADS
PUM.F,PUMA
FSH.F,FU SHOU YUAN
ZKH.F,ZENKOKU HOSHO
BFP.F,BBVA BC FRAN SP.ADR
MUT3.F,MINERAL UEBERK. VZ
STO3.F,STO VZ
RV0.F,RIO NOVO GOLD
286.F,SAFECHARGE
IMP.F,IMPERIAL OIL
QHI.F,SHIMAO PPTY
WAL.F,WALTER ENERGY 
YM1.F,PANORAMIC RES
DHG.F,DALATA HOTEL
VSP.F,STARWOOD REIT-SBI
WMT.F,WAL-MART STORES
AAK.F,ANN 
OZ4.F,WOULFE MINING
EII.F,EISAI CO LTD
V4JA.F,STARCORE INTL MINES
3NQ.F,NANOCARRIER
UDM.F,TASEKO MINES
XP0.F,XENON PHARMA
XS5B.F,ECHO THERAPEUTICS
SH0.F,SHIONOGI & CO LTD
XOU.F,SOHU.COM 
QA4A.F,GENTHERM
PEP.F,PEPSICO
MS7.F,MICROSEMI CORP
3N8.F,NABTESCO
JXS.F,OREXIGEN THERAPUTCS
ZEH1.F,ZEHNDER GRP
LLY.F,ELI LILLY & CO
VG8A.F,VAR BK ANR.26.1.16
VB2.F,VASTNED RETAIL
EPN.F,ENDESA SP ADR
QSU.F,SCSK
WBCC.F,WESTPAC BKG SP ADR
XSNA.F,SECURITY NATL FIN-A
6W2.F,WS ATKINS
32C.F,CARE.COM
W0I.F,COPPER LAKE
T3W1.F,TIME WARNER CBL
VGA.F,GILDAN ACTIVEWEAR
UUY.F,MAXSEC GROUP
WXF.F,HILLTOP HOLDINGS
TCLA.F,TIM PARTICIP SP ADR
QXR2.F,DESERT GOLD VENTURE
HPO.F,HOSPIT PPTY TR REIT
T01.F,TEEKAY OFFSH PRTN
XCC.F,CSE GLOBAL
VPA.F,AVEO PHARMA
0EJ.F,ENBIO HOLDINGS
BY5.F,MODERN WATER
FX9.F,WESTERN AREAS
Z1O.F,ZILLOW-A
VSA.F,VALEO
9TO.F,TOYOTA TSUSHO
RTHA.F,WILMAR INTL
QY6.F,QINETIQ GROUP
MAL2.F,BLUE SKY URANIUM
ZP3A.F,CN RES AND TRAN
LXN.F,LEXINGTON RLTY REIT
Z85.F,AUSTEVOLL SEAFOOD
EMO.F,EM SYSTEMS
2QO.F,QORVO
TOS.F,TOSOH CORP
C98.F,VICINITY CEN
VZAA.F,VALDOR TECHNOL
EZY.F,MGM WIRELESS
0YC.F,YUANDA CHINA
QFP.F,MONTEZUMA MINING
A0AW29.F,ERSTE FIN 4 NCNPP
XCI.F,CHINA UNICOM (HK)
UPM.F,ULTRA PETROLEUM
ZA2.F,ZAGG
Q9R.F,SUNLIGHT REIT
QK9.F,QLIK TECH
XT4Y.F,XACTLY
KONN.F,KOMERCNI BANKA
QDI.F,QUEST DIAGNOSTICS
2KT.F,KONOIKE TRANS
UNVB.F,UNILEVER
A0U1.F,AZINCOURT URANIUM
CUP.F,CHUGAI PHARM
HAE.F,HAEMATO
0ZG.F,ZILLOW GROUP-A
QFSP.F,QUANTUM FUEL SYS
QFI.F,AMERICAN FINCL GRP
VCXA.F,VIACOM-A
WV6.F,WEBMD HEALTH
I2X1.F,ICG
SOK.F,SANKYO
PU3.F,PUF VENTURES
KOH1.F,CHINA YUANBANG
LCR.F,LAS VEGAS SANDS
WAC.F,WACKER NEUSON N
ZCG.F,BJ'S RESTAURANTS
GRA.F,W R GRACE
W5E.F,PEEL MINING
X6C.F,COLOMBIAN MINES
CXX.F,CLOROX CO.
XIX.F,XILINX
LZ1.F,MOMENTA PHARMA
WI2.F,WIZZ AIR
Q8Q.F,QEP RESOURCES
W9C.F,CONSTELLATION SOFT
0YYA.F,YY SP ADR-A
XEB.F,SOJITZ
YFX.F,FXCM-A
XNP.F,CNP ASSURANCES
WDC.F,WESTERN DIGITAL
OYD.F,PACIFIC BASIN SHIP
LAW.F,LAWSON 
SFT.F,SOFTBANK GROUP
WXC.F,INV REIT SBI
MXH.F,M.A.X. AUTOMATION
AAFA.F,WAFERGEN BIO-SYS
304.F,MAG ONE PRODUCTS
QU5A.F,PADAENG IND NVDR
CZ2.F,NATION RET PPT REIT
YXEN.F,CAN STG METALS
YPH.F,ASTELLAS PHARMA
"0XHR.F,XENIA HOTELS&RESORT;"
TCO1.F,TESCO SP ADR
RYO1.F,RYOBI LTD
HZJ.F,HEIWA REAL ESTATE
1QM.F,QEP MIDSTREAM
0QT.F,QUANTUM PHARMA
Q6IA.F,QIHOO 360 ADS-A
AHQ.F,AMERICAN WOODMARK
WK0.F,WIJAYA KARYA BETON
ZVW.F,GEM DIAMONDS
XX4.F,RICHLAND RES
Z3E.F,Z ENERGY
IZO.F,JD GROUP
XGW.F,CALAVO GROWERS
XJA1.F,JAMBA
P3C.F,YUMA ENERGY
ZM7.F,EESTOR
YP1.F,PRIMA BIOMED
MTW.F,MATSUI SEC
DDL.F,DAIDO STEEL
WVH.F,FRANKLIN ST REIT
ZSK.F,SUNOPTA
QS7.F,SONA RESOURCES
AQ4.F,AMEC FOSTER WHEELER
6NO.F,NOAH HLDGS SP ADR
"H6P.F,H&E; EQUIPMENT SVCS"
ZA0.F,CN ZHENGTONG
ZT1A.F,ZEBRA TECH -A-
W8U.F,PS BUSIN PARKS REIT
P0E.F,VPE WERTPAPBK
A7Z.F,AECI
TKK1.F,TAISEI
DSN.F,DANSKE BANK
WW1.F,WOODWARD
ZYT.F,NEVADA COPPER
KOA.F,KONAMI HLDS
2MP1.F,MIDSTATES PETROLEUM
G9N.F,GRUPO AER SP ADS-B
HUWA.F,HUTCHISON WHAMPOA
4QI.F,XTEP INTL HLDGS
IM5.F,ALERE
HUWH.F,HTCHSN WHMP UNSPADR
WFT.F,WENG FINE ART N
MSTY.F,MAINSTAY MED
COJ.F,CAZA OIL & GAS
QM0.F,AFRICAN QUEEN
YP1B.F,PRIMA BIOMED SP ADR
INC.F,INTERCLOUD SYST
ZEG.F,ASTRAZENECA
ONV.F,ONVISTA
SU9.F,INCA ONE GOLD
YOK.F,BANK OF YOKOHAMA
XHNA.F,HONG KONG TL SP ADR
108.F,SUMITOMO RUBBER IND
KRT.F,KRUNGTHAI CARD -F-
QU8.F,QUNAR CAYM SP ADS-B
KIC.F,KIMCO REALTY REIT
EIN3.F,EINHELL GERMANY VZ
SPI.F,SAPPI
86S.F,SEIKO PMC
LPK.F,LPKF LASER & ELECTR
W6P.F,AVANTI COMS GROUP
JYE.F,JOYCE BOUTIQUE
GCY.F,AEROJET ROCKETDYNE
VEN.F,VENTAS REIT
17R.F,RETROPHIN
WEP.F,MAGELLAN MIDSTREAM
CU2.F,CERUS
ZP8.F,ZHAOPIN SP ADS-A
RDO.F,SIRIUS XM HLDGS
ECX.F,EPIGENOMICS N
GGRA.F,GARTNER
4EQ.F,CDN QUANTUM ENERGY
VLE.F,VALERO ENERGY
ME5A.F,METHODE ELECTRONICS
QX9F.F,Q-GOLD RESOUR
HUN2.F,BEIJING ENT WATER
VL51.F,SOC D'EXPL MIN VIOR
WR1.F,W.R.BERKLEY
NT5.F,NTT DATA
A1G.F,AMERICAN AIRLINES
J9B.F,BENAKAT INTEGRA
GI4.F,G-III APPAREL GROUP
WFP.F,REIS
QSR.F,QUICKSILVER RES
XIC.F,KLAIPEDOS NAFTA
YGW.F,YODOGAWA STEEL WORK
TX9.F,TRONOX -A-
1Q8.F,QUEST RARE MIN
XAE1.F,CATALIS
QPE.F,PEC
EAC.F,EASTMAN CHEMICAL
TF3A.F,FINISH LINE -A-
QSGA.F,STRIKE DIAMOND 
CNJ.F,CANON MARKETING JP
3DV.F,OLD CHANG KEE
FZM.F,ZTE -H-
XP31.F,GR WASTE IT
YMT.F,YAMATO KOGYO
RTJ.F,REPOWER PS
"PBS.F,PEP BOYS-MANNY M&J;"
JY21.F,JAYDEN RES
GUZ.F,YUEXIU PROPERTY
PP9.F,PPL
BM6.F,BELLZONE MINING NPV
YDAB.F,YUE DA MINING HLDGS
QAA.F,QUANTA SERVICES
T62.F,TOHO ZINC CO LTD
CS7.F,COMSYS HOLDINGS
2DJ.F,DYNAM JP HLDGS
AAM.F,MAN WAH HLDGS
WFU4.F,QUAM
ZZ8.F,CHINA HUIYUAN JUICE
Q9W1.F,AMI RESOURCES
HN3P.F,WESTSTAR RESOURCES
YDO.F,SYNTA PHARMACEUTIC
N3A.F,NIPPON AQUA
DSE.F,DAIWA SEC GRP
WF9.F,WORLEYPARSONS
RYSB.F,7.0916 RBS GRP NCP
YG11.F,YNGL GRN EN SP ADR
1ZY.F,ZAYO GROUP HLDGS
38O.F,OPOWER
XKI.F,KBL MINING
QXR1.F,DESERT GOLD VENT
OTE.F,HELLENIC TELECOM
6MN.F,MARUHA NICHIRO
XSI.F,SANYO CHEMICAL IND
LBU.F,XO GROUP
4NI.F,NISSHIN STEEL
TOM.F,TOYOTA MOTOR
Y06.F,SAETA YIELD
WC3.F,WATSCO INC
LPO.F,LIFEPOINT HEALTH
SO7.F,NAN HAI
NYT.F,NEW YORK TIMES -A-
IFX.F,INFINEON TECHNOLO N
GRU.F,GEELY AUTOMOBILE
YZC.F,YANZHOU SP ADR-H
XTE.F,ENLINK MIDSTR PARTN
FJ3.F,FUJIMORI KOGYO
XEP.F,CEPHEID 
X9X.F,ENERGOLD DRILLING
DWC.F,DL WANDA -H- 144A-S
NP7.F,NIPPON KAYAKU CO
VBH.F,VBH HOLDING
NOL.F,NEPTUNE ORIENT LINE
XTA.F,TIGER AIRWAYS
NAQ.F,NASDAQ
ZEH2.F,ZEHNDER GRP -A- N
VI3.F,VICTORY CITY INTL
7CT.F,CENTAMIN NPV
MBW.F,MEDICAL & BIO LAB
LDZA.F,ASPEN PHARMACARE
YHO.F,YAHOO
T41.F,TOBU RAILWAY
ADP.F,AUTOMATIC DATA PROC
DKI.F,DAIKIN INDUSTRIES
0H9.F,SEIBU HLDG
QPX.F,PAREX RES
KIK.F,KIKKOMAN CORP
WX1.F,ACADIA REIT-SBI
AX1.F,ANIXTER INTL
QG1A.F,PLATEAU URANIUM
XHSA.F,HOMESERVE
DEZ.F,DEUTZ
DNP.F,DAI NIPPON PRINTING
KRJB.F,JIMEI INTL ENTERTAI
KO2.F,KORIAN
UZA.F,FLUGHAFEN ZUERICH N
BZI.F,BANK ZACHODNI WBK
OKI.F,OKI ELECTRIC
FRE.F,FRESENIUS
3M0.F,MEIJI HLDGS
37A.F,EAST WEST PETE
XER.F,XEROX CORP
L53.F,LIFE HEALTH GRP
WML1.F,WILH. WILH HOLD -A-
GU3A.F,GULFMARK OFFSHORE-A
9SH.F,SHAKE SHACK-A
WY7.F,PARKWAY PROPER REIT
W3PA.F,AURA MINERALS
TGJ.F,TALLGRASS ENERGY
ZVX.F,SPORTS DIRECT
JIM.F,JIMMY CHOO
2GW.F,GREAT WESTN BANCORP
33X1.F,XINJIANG XINXIN -H-
WFG1.F,WEST CHINA CEMENT
RUU.F,RUCKUS WIRELESS
6OM.F,OWENS & MINOR
CMY.F,ZIX
EXU.F,XUEDA EDUCTN SP ADR
H7RN.F,HAMPTON RDS BKSHS
TOE.F,TOEI
CGN.F,CIGNA CORP
YBOB.F,TENAX THERAPEUTCS
2CB.F,CALITHERA BIOSCIENS
OV1B.F,OVERLAND STORAGE
WSV2.F,VIENNA INSURANCE GR
YBB.F,CARNAVALE RES
ZB31.F, ENSYNC
NR7.F,NOMURA RESEARCH
6FR.F,FRONTERA RESOUR
VNB.F,VALLEY NATL BANCORP
YT8.F,INNER MONGOLIA -H-
Q2O.F,QSOLAR
"TYR.F,TOYO TIR&RUB;"
WX3.F,PENNSYLVAN REIT-SBI
CQWA.F,SID NACIONAL SP ADR
WBC.F,WESTPAC BANKING
ADB.F,ADOBE SYSTEMS
MXD.F,MIN XIN HOLDINGS
XLG.F,XL GROUP
MK2A.F,MAKITA CORP
0Q2.F,Q2 HOLDINGS
PIK.F,PICK'N PAY STORES
HZS.F,HITACHI ZOSEN
PVJA.F,CEVA
QJQ.F,ISS
ZCC.F,CARMIKE CINEMAS
B8O.F,YANGZIJIANG SHIPBLD
JEN.F,JENOPTIK
CVLA.F,VALE PFD-A N1
4HP.F,ISETAN MITSUKOSHI H
WAJ.F,WASTE CONNECTIONS
5Z0.F,ZHONGSHENG GRP
PG4.F,PRINCIPAL FINANCIAL
XYUA.F,HENGDELI HLDGS
01T.F,TOKYU CORP
QS2A.F,SMITHS GROUP
RMT.F,REGINA MIRACLE INTL
QMC.F,SMC CORP
3QN.F,JINPAN INTL
PUZ.F,PONGS & ZAHN
BOW.F,BORYSZEW
NESR.F,NESTLE N
WCE.F,CECO ENVIRONMENTAL
LX4.F,LUXFER SP ADR
XSL.F,STEINER LEISURE
B3SB.F,BCP FIN PERP NCP A
DL7A.F,DILLARDS-A
WWFA.F,WORLD WRESTLING-A
TCE1.F,CELLDEX THERAPEUTIC
RCO.F,RESOURCES CONNECTN
XIS.F,AXIS 
DO51.F,XIANA MINING
XCY.F,OPKO HEALTH
DWNI.F,DEUTSCHE WOHNEN
UWP.F,ZAPOROZHSTL SPGDR-S
VSCJ.F,4SC E15
ZMR1.F,RED TIGER MNG
A34.F,TRECORA RESOURCES 
MIE1.F,MITSUBISHI ELECTRIC
MPLN.F,MAGELLAN PETROLEUM
22Z.F,ZEALAND PHARMA
NZE.F,ZEON 
58I.F,INTREPID POTASH
ZJS1.F,JINKOSOLAR SP ADR
CXR.F,CSX
1JT.F,TSUI WAH HLDGS
0H2.F,HITACHI MAXELL
XTL.F,ANOTO GROUP
YMK.F,AZBIL
E4R.F,EAGLE ROCK ENGY
1R3.F,ROKA BIOSCIENCE
YV4.F,RCR TOMLINSON
XM8.F,CLEAR MEDIA
NHL.F,NIELSEN HLD
YSVA.F,REVLTN LIGHT TECHN
QNC1.F,BONTERRA ENERGY
JMI.F,DEEP YELLOW
3T4.F,TERADATA
ZSL.F,SOLAR CAPITAL
MBI.F,MITSUBISHI CORP
WHL.F,WHEELOCK & CO
AOC.F,ALUM CORP OF CN -H-
NI3.F,NICHIREI
V7N.F,ADITYA BIRLA MINE
OM4.F,OSISKO GOLDROYAL
WUG.F,WESTAG & GETALIT
0C2.F,CHUBU EL
W7L.F,ADP
YRS.F,IBERIAN MINERAL
JP1.F,JAKKS PAC
WTB3.F,WALTER BAU VZ
D3N.F,YUEXIU REIT
KY6.F,INTERACTIVE BRKRS-A
RNY.F,YAMANA GOLD
YGL.F,GOLDEN VALLEY MINES
M4D.F,MWI VETERINARY SUPP
OPA.F,ORPEA
WIC.F,WEC ENERGY GROUP
JT4.F,MARIANA RESOURCES
SYE.F,SYNTEL
OF1.F,BRISTOW GROUP
H0H.F,HMS SP GDR REG-S
ZGV.F,GEVO
Q86.F,MEETME
RDEC.F,REED ELSVIER SP ADR
WHR.F,WHIRLPOOL
4H6.F,HULAMIN
UI5.F,PROGRESSIVE WASTE
RGV.F,REGUS
DOD.F,DOMINION RES
KAP.F,KANSAI PAINT
WOA.F,WORLD ACCEPTANCE
VH1.F,VIETNAM HOLD
TCS.F,TASER INTL
JLT.F,JAR LLOYD THOMP GRP
ODDB.F,ATRIUM EURO REAL 
IPHB.F,IMPALA PLAT HDGS
GZ3.F,YUEXIU TRANSPOR
QPL.F,QPL INTL
I93A.F,INDORAMA VEN NVDR
LL6.F,MTN GROUP
OUW.F,CAPSTONE MINING
EFI.F,ELECTRS FOR IMAGING
"NTT.F,NIPPON TEL&TEL;"
M6Q.F,OUTOTEC
EKT.F,ENERGIEKONTOR 
MMO.F,MITSUBISHI MOTORS
FRM2.F,ARLINGTON ASST IN-A
NPK.F,NORTHLAND REG.
VCK.F,CONVERSANT
V7T.F,VANTIV-A
QL2.F,POLYPORE INTL
1WT.F,WISDOMTREE INVEST
SGL.F,SGL CARBON
ORL.F,ORIGIN ENERGY
TLD.F,TINKA RESOURCES
DWH.F,DAIWA HOUSE IND
ODE.F,ODEON FILM
IY5.F,ISTYLE INC
ZM5.F,CMC METALS
2XI.F,XIWANG SPECIAL STEE
X0VN.F,CAP-EX IRON ORE
YT2A.F,ATRESMEDIA
WELA.F,MIGME
ZS3.F,FINECOBANK
3V4.F,VISIBLE GOLD MINES
XSK.F,SANKEN ELECTRIC
CXC1.F,ZOLTAV RESOUR
OIX.F,ORIX CORP
3XM.F,XMET
DUB1.F,DRDGOLD
ZEF.F,ZHONGDE WASTE TECH
XYD.F,MINCO SILVER
XGD.F,COALSPUR MINES
P6X.F,PANALPINA WELTTRA N
A60.F,ALLERGAN
0A3.F,ACCELERON PHARMA
IEF.F,VIDELIO
HD4B.F,ACURA PHARMACEUTCLS
0K1.F,KUREHA
36Y.F,MING FAI INTERNATIO
5VT.F,VTV THERAP-A
DNO.F,DENSO
Z081.F,ZOGENIX
EZ3.F,EXCEL
FRI.F,FAIR ISAAC
AFX.F,CARL ZEISS MEDITEC
QKL.F,QUICKLOGIC
NGK.F,NGK SPARK PLUG
79Q.F,QUESTOR TECH
Y1F.F,FRST AMER FINCL
UAN.F,YORBEAU RESOURCES
N0T.F,NEMASKA LITHIUM
WBAG.F,WILD BUNCH
XA4.F,CARMAX
JI5.F,JUBILEE PLATINUM
MMM.F,3M
A0BDRX.F,IKB FUNDING TR VRN
ZZF.F,US AUTO PARTS NTWRK
QS3.F,SOLOCAL GROUP
D1U.F,DAIHATSU DIESEL MFG
6P8.F,PETS AT HOME GR
SJ7.F,SODEXO
OTC.F,GLB TEL SPGDR REG-S
QIW.F,QIWI SP ADS
XONA.F,EXXON MOBIL
LMW.F,XENOPORT
OSY.F,SYNACOR
QFC.F,POPEYES LOUISIANA
BTKC.F,MONDI -NPV-
MTT.F,MATTEL
4OP.F,THE PEOPLE'S OP
WRM.F,MENS WEARHOUSE
Q9S.F,CHAMPION REIT
YB1.F,YOUBISHENG  G P
OY3.F,OCEAN YIELD
X6S.F,STONEGATE AGRI
XO2N.F,COSI
QNMA.F,SEQUENOM
WHC.F,WEYERHAEUSER REIT
ZDO.F,ZARDOYA OTIS
WXE.F,UMH PROPERT REIT
8H6.F,HOUSTON AM ENERGY
P6V.F,PURA VIDA ENERG
HOV.F,XCHANGING
XEN.F,INTEX RESOURCES
XCKA.F,CHEMTURA
NY4B.F,NRG YIELD-A
WUP.F,WUYI INTL PHARMACEU
CNC.F,CHANGSHOUHUA FOOD
1RH.F,RECRUIT HLDG
NPS.F,NP STL & S'TOMO
XJL.F,CHINA MET-RURAL HLD
W8W.F,ATLAS AIR WORLDWIDE
JFB.F,JOH. FRIEDR BEHRENS
038.F,NOVOCURE NPV
QL1.F,QUIDEL
FOO.F,SALESFORCE.COM
IML.F,INTERMOLE
ZMX.F,WIDEPOINT 
ZA7.F,ZAFGEN
SQE.F,STRAYER EDUCATION
4QO.F,JUNEX
ARW.F,ARROW ELECTRONICS
ILT.F,ILLINOIS TOOL WORKS
CVL.F,VALE SPADR PFD-A
NYKA.F,NIPPON YUSEN K K
37L.F,CICADA VENTUR
VTY.F,VERINT SYSTEMS
ZHJ.F,ZJ EXPRESS -H-
NG4.F,NICHII GAKKAN
ZGV1.F,GEVO
W7A.F,INSPIRED CAP
SOCA.F,SUBSEA 7 SP ADR
O5I.F,OLAM INTL
RZX.F,TRI ORIGIN EXPL
QLA.F,ALASKA COMM SYS GRP
AG31.F,APOLLO GLBL MNGMT-A
XM91.F,SMTC
I91.F,IGG INC
3RBB.F,RECKIT BK SP ADR
4HL.F,VILMORIN ET CIE
PAX.F,PAREXEL INTERNATL
XMFA.F,SUMITOMO SP ADR
0PP.F,PORTOLA PHARMAC
YC5.F,FRONTIER COMM-B
XI9.F,XINYI GLASS HLDGS
7TK.F,TAKATA
FCYA.F,FOREST CTY ENTER-A
XS3A.F,TANFIELD GRP
YFX1.F,FXCM-A
31E.F,ZONTE METALS
BHF.F,PANCONTINENTAL URAN
DDJ.F,DIGITAL DESIGN 
D1LN.F,DIRECT LINE INS
MEC.F,MEIKO ELECTRONICS
SL1.F,SCHOLASTIC
117.F,ARISTA NETWORKS
NFS.F,NORFOLK SOUTHERN
NW5.F,NEW WORLD RES -A-
ZAR.F,RENK
ZCT1.F,ZIMTU CAPITAL
JP9.F,JP PETROLEUM EXPLO
GPAB.F,GRANA Y MONT SP ADS
XC4.F,CBIZ
NQL1.F,BIDVEST
SDF1.F,K+S SP ADR
DG9.F,JIAHUA STORES
JEL.F,JEOL
XTG.F,TALGO
VDG.F,VIDA GREEN
ADT.F,ADT CORPORATION
YMA.F,YAMAHA MOTOR
D3I.F,DIST & WHSE NTWRK
DEN.F,DENTSU
V0M.F,VIRGIN MON HLDG
CR6.F,CREE
0JR.F,JAMES RIVER GRP
AHE.F,WESTERN POTASH
BRN.F,SOFTBRAIN 
QE1.F,QUESTERRE ENERGY-A
YX3.F,YOOX NETAPORT
JUS1.F,AEON
6HG.F,HAYDALE GRAPHE
6GC.F,GAMMA COMMUN
SKC2.F,STANDARD BANK GRP
QTS.F,QUINTILES TRANSNAT
NJPA.F,NET 1 UEPS TECH
XSZ.F,SHIMIZU CORP
0YL.F,YELLOWHEAD MNG
X1H.F,HEARTWARE INTL
QNT1.F,QUANTUM DSSG
H2L.F,HFF-A
I4P.F,INTERCEPT PHARM
J2B.F,EXPERIAN
YTS.F,CYTOS BIOTECHNOLO N
OSK.F,JAPAN EXCHANGE
MXN.F,MIXI
MDG1.F,MEDIGENE N
TM5.F,T-MOBILE US
NEX.F,NIPPON EXPRESS
YGB.F,EMPLOYERS HLDNGS
GWI1.F,GERRY WEBER INTL
N76.F,NIPPON SODA
MIZ.F,MIZUNO
REU1.F,REUNERT
TMI.F,TREND MICRO 
YCS.F,CYBERCOM GROUP
U1P.F,MAGNIS RESOUR
1CY.F,CN YONGDA AUTOMOBIL
7BF.F,ROYAL BAFOKENG PLAT
DTE.F,DEUTSCHE TELEKOM N
O1BC.F,XING N
X7F1.F,CHINA XINIYA SP ADR
AOD1.F,ANGLOGOLD ASHANTI
JNJ.F,JOHNSON & JOHNSON
WX6.F,NATL HEALTH INVEST
YAB2.F,ALTA VISTA VENTURES
ZAY.F,ZENYATTA VENT
JSN.F,JIVE SOFTWARE
13W.F,WESTERN BULK
6ZA.F,ZANAGA IRON ORE
CRE.F,CERNER CORP
TY7.F,TOYOTA BOSHOKU
SQT.F,SUPPORT.COM
C3I.F,CHINA INFO TECH
4Q2.F,QUANEX BLDG PRDS
OU2A.F,QMX GOLD
LUK.F,LUKOIL SP ADR
TOC.F,THOMSON REUTERS
YOS.F,CYCOS 
NCB.F,BANK OF AMERICA
QXP1.F,NORBORD
VC3.F,COLUMBUS MCKINNON
XQC.F,CARROLS RESTAURANT
0MO.F,DMG MORISEIKI J
PA8.F,PAION
YOU.F,YOUNIQ
YZCA.F,YANZHOU COAL -H-
DDN.F,DARDEN RESTAURANTS
EW1.F,EXPEDIT INTL WASH
WEA.F,WESTERN ALLIANCE
41A.F,ALTIS RESIDENT
ZU1.F,SUZUKEN
S5M.F,OSAKA TITANIUM
FSQ.F,FIVE STAR QUAL CARE
XMF.F,S'TOMO MITSUI FINL
NWP.F,NEWPARK RESOURCES
MBY.F,MIDDLEBY CORP
8SN.F,SUNSHINE OILSNDS
WSE.F,WASECO RESOURCES
UNQ.F,UBM
N5N.F,NCI-A
TQ1.F,TEMEX RESOURCES 
MFU.F,MITSUI FUDOSAN CO
NWM.F,NEW WORLD DEPT CHIN
POY.F,POLYUS GOLD INTL
TTDA.F,HENG XIN CHINA
QUC.F,QUAKER CHEMIC.
V7I.F,VIMICRO INTL SP ADR
ZY3.F,ZYNGA-A
WPOB.F,GRAHAM HLDG
P7T.F,BANK JATIM -B-
XEK.F,FORTRESS INVEST-A
O3B.F,YOMA STRATEGIC HLDG
MRK.F,MERCK
RFR.F,RESEARCH FRONTIERS
W9N.F,WNS HOLDINGS SP ADS
U7N1.F,CANADA CARBON
YA1.F,YANCOAL AUST
ZIJB.F,SMARTAC GRP CN
EXJ.F,ENERXY
XSG.F,SAIBU GAS
JE3.F,YASHILI INTL
27M.F,MELROSE IND
DM8.F,ALLIANCE ONE INT
"UWV.F,W&T; OFFSHORE"
YDL.F,SDL
TIM.F,ZEAL NET -NPV-
QC9.F,CREDIT SAISON
NSU.F,AUDI
IA4.F,INTL DATACASTING
43D.F,DARLING INGREDIENTS
31Z.F,KATANGA MINING
54A.F,QUEENSLAND BAUX
YGO.F,PIONEER ENERGY SVCS
1B9.F,BOOHOO.COM
YCK.F,CHU KONG PETRO GAS
SVW.F,SERVICEMAST GLB HLD
TTK.F,TAKKT
KKA.F,KANEKA CORP
VOW4.F,VOLKSWAGEN SP ADR
YCZ.F,CAMERON INTL
VVUD.F,VIVENDI UNSP ADR
ZMF.F,CHINA MARINE FOOD
X1T.F,XINJIANG TIAN WAT-H
ZOE.F,ZOETIS-A
3HM.F,MSCI
RI5B.F,YUESHOU ENVIRONMENT
HPR.F,HORIZON PHARMA
NRA.F,NRG ENERGY
WO1A.F,WOWO SP ADR
RHO6.F,ROCHE HLDG SP ADR
XT1.F,CTS
SHM.F,SHIMANO
5VD.F,VODACOM GROUP
3V64.F,VISA-A
OXD.F,OXFORD IND
0WE.F,WEATHERFORD INT
8CZ.F,ZOOMLION HEAVY -H-
XBX.F,CAMBREX CORP
VCLC.F,FIBRIA CELUL SP ADR
USX1.F,US STEEL
YSQ.F,SCIQUEST
ZUW.F,DESS
PXLX.F,PIXELWORKS
XNH.F,XANTHUS HLG
0ZE.F,NEW ZEALAND EGY
ZS2.F,TIMKENSTEEL
PSE.F,PUBL SVCS ENTERPR
7EVB.F,EOLUS VIND -B-
OVZ3.F,ZH INTERNATIONAL
NXH.F,AFRICAN BANK INV
VCX.F,VIACOM-B
YSM.F,SKY-MOBI SP ADS
VSY.F,VITAMIN SHOPPE
J5E.F,JONES ENERGY-A
QA9.F,ALCHEMIA
HIK.F,HIKARI TSUSHIN
PXH.F,PIXIUM VISION
FZKA.F,THE9 SP ADR
C1A.F,CALUMET SPECIALTY
AZE.F,AMBER ROAD
XA6.F,DIVERSA
QB7.F,QUIRIN BANK
0BG1.F,OSSEN INNOV SP ADR
NJ2.F,NP COKE & ENGR
ALK.F,ALASKA AIR GROUP
HIM.F,HITACHI CHEMI
QCH.F,COMPUTERSHARE
OWK.F,ONWARD HOLDINGS
HAW.F,HAWESKO HOLDING
BGK.F,BURGER KING 
U05.F,UIL HOLDINGS 
EDGA.F,GOLD FIELDS
G9Y.F,GS YUASA
NJR.F,NEW JAPAN RADIO
RZT.F,MERAFE RESOURCES
AOG.F,ANWORTH MORTG ASSET
AJI.F,AJINOMOTO CO INC
GAV.F,GROUP I AUTOMOTIVE
MYC.F,POCKET CARD
N4R.F,NSI
CS5.F,OUTERWALL
OWX.F,YPSOMED HLDG N
CR3.F,CORINDUS VASCULAR
EOAA.F,E.ON SP ADR
KSF1.F,SHINHAN FIN SP ADR
V9LA.F,CDN OVERSEAS 
VNX.F,NXP SEMICONDUCTORS
ST2.F,STURM RUGER & CO.
M6FE.F,WATCHSTONE GROUP
AFL.F,AFLAC
VSC.F,4SC
VIB3.F,VILLEROY & BOCH VZ
HAS.F,HASBRO INC
YSN.F,SECUNET SEC NETW
02Y.F,CHINA XD PLSTCS
5JP.F,JAPAN POST BANK
JA3.F,JARDEN
SGM.F,STMICROELECTRONICS 
O7N.F,VELOCYS
VT6.F,VOYAGER THERAPEUTCS
AWN.F,ADVANCE AUTO PARTS
B7P.F,RAUBEX GROUP
OMR1.F,OMRON CORP
0XI.F,XIABUXIABU CATERING
BB4.F,BOFI HOLDING
GOI4.F,FDG ELEC VEH
ZAL.F,ZALANDO
61Z.F,ZUEBLIN IMM HLDG N
ZWS.F,TEO LT
JAT.F,JAPAN TOBACCO
XT2A.F,CCT FORTIS HOLDINGS
W6J.F,SUTTER GOLD MINING
XCN.F,CLARION CO LTD
"QYM.F,SOC QUIM&MIN; SP ADR"
6IZ.F,ZINCO MINING
YI2A.F,JA SOLAR HLD SP ADR
W9U.F,CENVEO
BSW.F,VASCORY
FTN.F,FUJI MEDIA HOLDINGS
3PW.F,XCITE ENERGY
OZV2.F,PPC -NPV-
7X3.F,XLMEDIA
XAE2.F,CATALIS
YDX.F,YANDEX
XAB.F,NETLIST
ADO.F,ALDERMORE GROUP
4RW.F,RAI WAY
FR4N.F,FREEGOLD VENT
5A4.F,ORION ENRGY SYS
IZ8A.F,AFRICAN OXYGEN
R4F.F,RAMCO-GERS REIT-SBI
3VP.F,VITAE PHARMACEUTIC
YCP.F,CONOCOPHILLIPS
YB4N.F,MAST THERAP
5YG.F,YINGDE GASES
BXZ.F,BANK OF QUEENSLAND
QS6.F,Q-SOFT VERWALTUNGS
M6O.F,BOLSAS Y MERCADOS
F5W.F,FIRST IND RT T REIT
XIM.F,ACXIOM CORP
13X.F,XINYI SOLAR HLD
TZL1.F,TELKOM SA SOC
QIG.F,SIG
PK2.F,PATRICK INDUSTR.
YS0.F,YUANSHENGTAI
LA6A.F,SANLAM
FG5.F,METALS X
XHN1.F,HK TELEVISION NET
EVT.F,EVOTEC
NXO.F,NICOX
7IN.F,INTERSECT ENT
YZA.F,ARYZTA N
ZSV.F,SILVER STANDARD RES
QR2.F,QUATERRA RESOURCES
ZO1.F,ZOOPLUS
QLDN.F,ELYSEE DEVELOPMENT 
DE2A.F,DESTINATION XL GRP
VA4.F,VASCULAR SOLUTIONS
TP2.F,TETHYS PETRO
6JK.F,JTEKT
XE9.F,XENCOR
TD4.F,TDC SOFTWARE ENGR
NKZB.F,NEW YORK MORTGAGE
QPMC.F,AQUARIUS PLATINUM
QC3C.F,SONDE RES
AOY.F,ALPHA & OMEGA
ANK.F,SOMP JP NIPNKOA
RE7.F,REMGRO
RMP1.F,RM
OSZG.F,OTP BANK GDR REG-S
XXT.F,OL GROUPE 
D5C.F,DAIICHI CHUO KISEN
QRL.F,AURIZON HLDGS
QMBN.F,Q & M DENTAL
V38.F,ENERGYO SOL RUSSIA
WA9.F,WABASH NATIONAL
X2S.F,SINOPHARM GROUP -H-
02X.F,XANADU MINES
NDH1.F,METALL ZUG N -B-
SBNC.F,SBERBANK SP ADR
ZCL1.F,ZENITH ENERGY
VOQ.F,VOCUS COMMUNICA
LXSN.F,XCERRA
VBL.F,VIRGIN AUSTRA
ZVAA.F,CELLECTIS SP ADR
20D.F,CIDARA THERAPEUTICS
QGH.F,MULTISTRADA ARAH SA
OA2.F,ON ASSIGNMENT
XSA.F,XIWANG PROPERTY
SO4.F,SONIC
XOM.F,XOOM
5EW.F,EVERYWARE GLOBAL
1XM.F,XIMEN MINING
6ZY.F,ZYNERBA PHARMA
5S2.F,SHO-BOND HLDG
QTN.F,TITAN MEDICAL
WC7.F,WALLBRIDGE MNG CO 
XTY.F,CARPENTER TECHN.CP.
VOW3.F,VOLKSWAGEN VZ
0ZP.F,ZOSANO PHARMA
SCY.F,STRATASYS
RTV.F,YOUR FAMILY ENT N
XSE.F,SEINO HOLDINGS
LJ1.F,CORE
MZE.F,LUXOFT HLG A
SMHN.F,SUESS MICROTEC N
UMG.F,XTV NETWORKS
24W2.F,WOLSELEY
G4Z.F,TV AZTECA CPO
DP3.F,DSP GROUP
HIGA.F,EVRAZ HIGHVELD STL
XYT.F,CN HUARONG ENERGY
JRC.F,DEETHREE EXPL
NI9.F,NIPPON SHEET GLASS
ZGC.F,ZZ COAL MINING -H-
XGR1.F,COMPASS GROUP
31S.F,STELLA INTERNATIONA
C1S.F,CHINA SHINEWAY PHAR
CM1.F,XURA
PMTA.F,PTC
3L7A.F,QUALYS
YTR.F,AURELIA METALS
AGJ.F,AGCO
MA1.F,MAX21 MGT U. BET
DTV.F,F-SECURE
YE5.F,ENERGIZER RES
JB3.F,JB HI-FI
XD4.F,STRABAG
ZVK.F,TARGA RESOURCES PAR
XPH.F,AMPHENOL-A
ZO2.F,ZOE'S KITCHEN
HLE.F,HELLA KG HUECK
WE7.F,EVOLUTION MIN
FSRA.F,FIRSTRAND
XP2.F,SALIX PHARMACEUTCLS
QEN.F,CENTENE
QJE.F,DON QUIJOTE HLD
FFV.F,F5 NETWORKS
2EX.F,THE EXONE
16Q.F,CHINA QINFA GRP
YUI.F,YUGANG INTL
CUL1.F,VERMILLION
LMO.F,LITHIA MTRS
BE8.F,BENESSE HOLDINGS
AK2.F,AK STEEL HOLDING
IUC1.F,IMPERIAL HOLDINGS
NTO.F,NINTENDO CO LTD
NFG.F,NATL FUEL GAS CO
OT4.F,OTTER TAIL
E7RA.F,XEMPLAR ENERGY
AK3.F,AKAMAI TECHNOLOGIES
JLM.F,JERICHO OIL 
KCC.F,CASHCLOUD
YOW.F,YATRA CAPITAL
XGC.F,CROCODILE GOLD
SIQ.F,SIGMA-ALDRICH
XXA.F,AXCELIS TECHS 
4GK.F,AXTEL CPO
MUI.F,MARUI GROUP
WMF.F,WMF 
XYXR.F,RAPTOR PHARM
NVW1.F,NOVATEL WIRELESS
O7F.F,ODFJELL -A-
PWC.F,PINNACLE WEST CAP
WF3.F,WESFARMERS
TDI.F,TAKARA LEBEN
ORS.F,OREX MINERALS
EUZ.F,ECKERT & ZIEGLER
UBE.F,UBE INDUSTRIES LTD
JFM.F,J. FRONT RETAILING
QFB1.F,ULTRA LITHIUM
QPV.F,INNERWORKINGS
IDT.F,INTEGR DEVICE TECH
QCTA.F,BELDEN
ECEA.F,ELECTR SP GDR-REG-S
VS1.F,VIASAT
V6A.F,PANASONIC DEV SUNX
VTJ1.F,NORTH ARROW MIN
YME.F,YAMADA DENKI
0CZ.F,CHINA ZHONGWANG
SXV.F,XINHUA WINSHARE -H-
3PZ1.F,PZENA INV MNGMNT-A
I6I.F,INTERNET INITIATIVE
P5IB.F,PARKSON RETAIL GRP
K22.F,KEIO
ZM3.F,ZUMIEZ
PD0.F,PEBBLEB HT REIT-SBI
1J4.F,JAPAN DISPLAY
DP5.F,DR PEPPER SNAP
NOR.F,NORTEL IN ADR PFD-B
LXU.F,TONGAAT HULETT
Y9L.F,YELP-A
YTT.F,YAMATO HOLDINGS
4HQ.F,WANT WANT CHINA
NOX.F,NET ONE SYSTEMS
TLFN.F,ZHONE TECH
LRH1.F,LONMIN
KA3.F,KAINOS LABORATORIES
ZFI1.F,ZURICH INSUR SP ADR
31Y.F,YONG XIN INTL HLDGS
GN8.F,GENESCO INC.
EI4.F,SQUARE ENIX HLDGS
NDX1.F,NORDEX
1N7.F,NEVRO
YCR.F,ALMOST FAMILY
XCA.F,CREDIT AGRICOLE
DPW.F,DEUTSCHE POST N
WTT.F,MARENICA ENERGY
2SO.F,SOPHOS GROUP
E6P.F,EASTERN PROP HLDGS
TC6.F,TAKEEI
O5H.F,OPENLIMIT HLDG
2BV.F,BRIGHTCOVE
FDO.F,MACY'S
CVX.F,CVR REFN
HDZ.F,SHIMADZU CORP
4W71.F,WHITE PINE RES
YEC.F,YASKAWA ELECTRIC
WTM1.F,SYNETY GRP
LFA.F,ALPHA NATURAL RES
EWW.F,ENERGY WORLD CORP
OIT.F,ORIENT CORP
GAZ.F,GAZPROM SP ADR
R3P.F,REGENCY ENERGY
LOC.F,LION CORP
SCZ.F,SUN COMMUN REIT
C6O.F,CLOVIS ONCOLOGY
8CYN.F,CHINA YIDA HLDG
FDN.F,ENERSYS
0H5.F,HCI GROUP
0TB.F,THERAVANCE BIOPH
FPW.F,BUILD-A-BEAR WORKSH
SHJ.F,ASAHI GLASS CO
MWZ.F,METLIFE
3O8.F,OMEROS
TNN.F,TENNECO
YAG.F,ATOSSA GNTCS
QC6.F,CLAYTON WLMS EGY
RG3.F,ROYAL GOLD
YXS.F,SANY HEAVY EQUIP
X0M.F,XOMA
MUE.F,3D OIL
J2S.F,JSW
OII.F,OCEANEERING INTL
ZML1.F,ZINCORE METALS
QS5.F,STRAUMANN HLDG N
OI8.F,INSPIRATION MINING
JPA.F,SAKHA DIAMOND
SC9.F,SCUD GROUP
JAR.F,JAPAN RADIO
ZMG1.F,LINCOLN MINING
Q9ZK.F,EPG
ZE1A.F,ZAZA ENERGY
15W.F,WESTLAKE CHEMICAL
OWQ.F,ARBOR REALTY REIT
HPX.F,HISAMITSU PHARMAC
QST.F,QUALSTAR 
WPIA.F,WESTPORT INNOVAT
TCW.F,TOKYU CONSTRUCTION
WPP.F,WORLDPAY GROUP
HX6.F,NEW YORK
3QO.F,ZION OIL & GAS
ZKW.F,KEYW HOLDING
NY4.F,NRG YIELD-A
WRF.F,VIENTO GRP
B9Y.F,BIG YELLOW GROUP
QACL.F,4.75 BARCLAYS NCCP
0BN.F,HABIT RESTAURANTS-A
RMG.F,QUMU
YTC.F,STARBUCKS COFFEE JP
NB5.F,NITTO BOSEKI
XPK.F,WHITE ENERGY LTD
NFR.F,NISSHIN SEIFUN GRP
MEA.F,MINEBEA
6DW.F,D.WESTERN
HY7.F,SHOPRITE HLDG (SHP)
GMZ.F,ALLY FINANCIAL
QS8.F,QC HOLDINGS
4JP.F,JP POST INSRAN
WF2.F,WINTRUST FINANCIAL
SYK.F,STRYKER
XEUA.F,KSH HOLDINGS
1LV.F,VALERO ENERGY PARTN
NEN.F,RENESAS ELECTRO
RI5A.F,YUESHOU ENVIRONMENT
IBM.F,IBM
VTM.F,ALTIUS MINERALS
EJR.F,EAST JAPAN RAILWAY
WDI.F,WIRECARD
IJY.F,INTERVEST OFFIC & W
LB3A.F,LIBERTY INT QVC-A
MSI.F,MITSUI CHEMICALS
0QH.F,QHR
FKP.F,DREAMWORKS ANIMAT-A
59JA.F,JP RETAIL FD INVT
2ZC.F,CADIZ
TNE2.F,TELEFONICA SP ADR
WVYB.F,WAVE SYSTEMS-A
TDC.F,TAC
OXU.F,OXUS GOLD
INZ.F,INFORMATICA
VOT.F,VISIODENT
CYD.F,CHINA YUCHAI INTL
JUN3.F,JUNGHEINRICH VZ
ZVL.F,ZHAOJIN MINING -H-
G60A.F,CHINA GERUI ADVANCD
SAOA.F,SASOL
1880714.F,IKB FUNDING TR II
XQJ.F,CHINA PHARMA HLDGS
5WJ.F,WAJAX
AFZ.F,AFRICA OIL
EB9.F,AFRICAN RAINB MINL
WK3D.F,SIYATA MOBILE
WOF.F,WOLFORD 
ZCB.F,ZENITH MINERALS
V4S.F,VESUVIUS
QCD.F,COM DEV INTL
KKC.F,KAKAKU.COM
E5F.F,XL AXIATA
ZVA.F,CELLECTIS
YEL1.F,YRC WORLDWIDE
1328011.F,7.125 DEPFA BK
W5XA.F,CONDOR GOLD
RYU.F,SEGA SAMMY HOLDINGS
KOI.F,KOMORI
IKI.F,ICONIX BRAND GROUP
NER.F,ENERSIS SA SP ADR
MO8.F,MORINAGA MILK
TWA.F,TOWA
4FJ1.F,REAL GDS SOLAR-A
0SG.F,SIBANYE GOLD 
MIB.F,MITSUBISHI LOGIS
3H8A.F,ALTO VENTURES
TAX.F,TAKARA HOLDINGS
XGH.F,ENN ENERGY HLD
ZIL2.F,ELRINGKLINGER N
W1J.F,SATS
TTC.F,TRANSTEC  N
XKK.F,SHOWA SHELL SEKIYU
JCL.F,CALICO RES
MXW.F,MAXWELL TECH
VOW.F,VOLKSWAGEN
6MG.F,MEGMILK SNOW BRAND
YP9.F,YUZHOU PROPERTIES
69BN.F,STRONGBRIDGE
97S.F,STELLA JONES
WFK.F,WORLD FUEL SERVICES
F5M.F,FUJI MACHINE MFG
F9R.F,FRONTIER RARE EARTH
Z08.F,ZOGENIX
DLG.F,DIALOG SEMICOND 
SUI.F,SEKISUI CHEMICAL
J4S.F,SOUTH JERSEY IND
JM4A.F,AQUILA RESOURCES
DUL.F,ALNYLAM PHARMA
X7C1.F,ARMCO METALS
MPX.F,MITSUBI PAPER MILLS
BF4.F,CHRISTOPHER & BKS
RY4C.F,RYANAIR HLDGS
VVD.F,VEOLIA ENVIRONN.
0ZS.F,ZS PHARMA
G03.F,GUNGHO ONLINE ENTMT
YOJ.F,YAHOO JAPAN
UZU.F,UZIN UTZ
YC4.F,CHEMICAL FINANCIAL
ICBA.F,ICICI BANK SP.ADR
AWG.F,ASBURY AUTOMOTIVE
YC2.F,YIDA CHINA HLDGS
07W.F,WMIH
WILB.F,FABEGE
FJK.F,FUJIKURA
AZ5.F,AUTOZONE
WMC1.F,ALUMINA
QCI.F,QUALCOMM
W2U1.F,AVARONE METALS
AAH.F,AHLERS
AN5.F,ALPHA SYSTEMS
QKS.F,QUIKSILVER INC
3XRA.F,XINYUAN REAL SP ADR
2PO.F,POST HOLDINGS
NUO.F,NUCOR
5ZQ.F,ZELTIQ AESTHETICS
KPO.F,KANSAI EL POWER
XLE1.F,LEGEND POWER SYS
58X.F,XINGFA ALUMINIUM
17SA.F,VEDANTA SP ADS
3F5.F,CN JINMAO HLDGS GP
XCP1.F,CENTRAL PACIFIC FIN
FUC.F,FANUC
JBI.F,JUBILANT ENERGY
ZCHA.F,CHINA TELE SP ADR-H
CBFN.F,YOU ON DEMD
25P.F,PARAGON OFFSHORE 
HPE.F,HOKUETSU KISHU
QHD.F,QINHUANGDAO PT -H-
KY2E.F,LOUIS XIII HLDG
3XN.F,XINGYE COPPER INTL
KQ2A.F,KAMINAK GOLD-A
702B.F,YANGARRA RESOURCES
OS1.F,OTSUKA HLDGS
CVLD.F,VALE SP HDR
SRP.F,SHARP CORP OSAKA
PP51.F,PRIM HLTH PROP REIT
WG3.F,EAST ASIA MINERALS
WYR.F,WYNN RESORTS
OHZ.F,OMNIA HOLD
W1T2.F,WESTERN ENERGY SVCS
WZM.F,WIZCOM TECH
YRB.F,YOKOHAMA RUBBER
TYI.F,TYCO INTERNAT
YP2.F,BIOLINE RX SP ADR
QSC.F,QSC N
15X1.F,XG TECHNOLOGY
VLM.F,METSO
RHJ.F,ROBERT HALF INTL
Z1L.F,LEROY SEAFOOD 
SSUN.F,SMG SP GDR-144A PFD
PVX.F,PREMIERE GLOBAL SVC
WMB.F,WILLIAMS COMPANIES
8C2.F,CROSSRIDER
FKJ1.F,OCLARO
ITH.F,NEKTAR THERAPEUTICS
RAB.F,DORMAN PRODUCTS
5CF.F,CALFRAC WELL SERV
M7Q4.F,MICRO FOCUS INTL
TOR1.F,TORAY IND INC
MBO.F,MTI
LCY.F,JUBII EUROPE
ET82.F,AETERNA ZENTARIS
5WP.F,WPC RES
CU7.F,QUOTIENT TECHNOLOGY
MAH1.F,MAGELLAN HEALTH
QPJ.F,KEWPIE
YQJ1.F,TRANSAMERICAN
46M.F,QMS MEDIA
01H.F,HORIBA
NSE.F,NOMURA HLDG
25W.F,WINPAK LTD
17Q.F,LA QUINTA HOLDINGS
NGI.F,NGK INSULATORS
XT3B.F,VALE INDONESIA
0QP.F,QINGDAO PT -H-
I3A1.F,ARIAN SILVER
59A.F,ATLASSIAN -A-
PPQ.F,PPG INDUSTRIES
1QF.F,QUIKFLO HEALTH
3K5.F,KINGSROSE MININ
6PL.F,POUNDLAND GRP
1VPA.F,VIPSHOP HLDG SP ADR
WAY.F,SHENYIN WANGUO
G6N.F,GROUP FIVE
D2N.F,DENA
XSQ.F,SQI DIAGNOSTICS
JKX.F,JKX OIL & GAS
W1I.F,ZECOTEK PHOTONICS
A2U.F,ALON USA ENERGY
J8D.F,DEHAIER MED SYS
R8B.F,RMB HOLDINGS 
7MR.F,MATADOR RES
USH.F,WING TAI PROP
ZEE.F,ZUG ESTATES N -B-
QG1.F,MACUSANI YELLOWCAKE
NNR.F,NISHI-NIPPON RR
"WF5A.F,KRATOS DEF&SEC;"
QAT1.F,AMER ELECT TECH
UNB.F,UNIBET SDR
VJR.F,VIRGINIA MINES
DZX.F,MINERA IRL
ZONN.F,REPROS THERAPEUTICS
ZGY.F,FIDELITY NATIONAL
H8N.F,WHL ENERGY
X9T.F,XTIERRA
XBLA.F,BKK LIFE ASSUR NVDR
OXR.F,OZ MINERALS
YKE.F,YOKOGAWA ELECTRIC
61C.F,CHC GROUP
Q9H1.F,KAZMUN SP GDR REG-S
FIE.F,FIELMANN
ZB1.F,ZIONS BANCORP
SI4.F,SHILOH INDUSTRIES
FP3.F,NEXTERA ENERGY
CGEA.F,ALCTL LUCENT SP ADR
YB2N.F,CN VANGUARD
ZCH.F,CHINA TELECOM -H-
XXY.F,CROSS CTRY HLTHCR
W7D.F,WORKDAY-A
YB3.F,SHIN NIPPON MIOMEDI
RIC1.F,RICOH
KHNZ.F,THE KRAFT HEINZ
XCRA.F,CRH SP ADR
PLM.F,PLAINS ALL-AMERN LP
CJEA.F,CN WAH YAN HEALTHCA
QSV.F,EDENRED
QF8.F,MANDALA MULTIFINANC
KEQ.F,KIVALLIQ EGY
DWNN.F,DEUTSCHE WOHNEN
FJZ.F,ZIJIN MINING -H-
HEN3.F,HENKEL VZ
WT7.F,ZAKHIDENERGO SP GDR
WL6J.F,WILEX E15
LUX.F,LUXOTTCA GRP SP ADR
VLON.F,VALORA HLDG N
B4O.F,WINDSTREAM HLDGS
XDH.F,XINGDA INTERNATIONA
WHA.F,WHARF (HLDGS)
IOT.F,XPRESS HLDGS
KAO.F,KAO
7ZR1.F,ZONE RESOURCES
YV5.F,YUSEN LOGISTICS
ALU.F,ALCOA
T8F.F,TOKYU FUDOSAN H
HCM.F,HITACHI CONST MACH
TO4.F,TOTO LTD
EBA.F,EBAY
ZYW.F,CHINA PROPERTIES GP
TKS.F,TAKARA STANDARD
XSH3.F,SUNCORP TECH
AZA.F,VERDE POTASH
UEO.F,WESTLAKE CHEMICAL
VDY.F,VASCO DATA SEC INTL
"EPU.F,EMPEROR WATCH&JEWEL;"
O4B.F,OVB HOLDING
QIA.F,QIAGEN NV
OLL.F,ORIENTAL LAND
XCQ.F,CABOT OIL & GAS
LWE.F,LOWE'S COM
XCD.F,CAFE DE CORAL HLDG
13J.F,JM INVT & JM CN
4V2.F,VN MFG & EXPORT PRO
VNI.F,AVNET
YM2A.F,CODE AGRICUL
RQQ.F,OCEANAGOLD
B2K.F,BELL EQUIPMENT
SB3.F,SOFTBANK TECH
CLE.F,CARLISLE COS
RPHA.F,ANGLO AM PLATINUM
W6O.F,WINTERMAR OFS
YIZH.F,SINOPEC OILFIELD-H-
PV6.F,PIERRE ET VACANCES
MWB.F,MWB FAIRTRADE WPH
QAN.F,QANTAS AIRWAYS
NRE.F,NOKIAN TYRES
J6W.F,ALEXCO RESOURCE
XSP.F,CHINA SCE PROPERTY
XE7A.F,TROVAGENE
SWD.F,SHOWA DENKO
SD5.F,STEEL DYNAMICS
YG12.F,YNGL GRN EN SP ADR
SEH.F,SHIN-ETSU CHEMICAL
SZU.F,SUEDZUCKER
QGI.F,MITRA ADIPERKASA
BDU.F,BONDUELLE
EP8.F,EPIQ SYSTEMS INC 
RYZN.F,CHINA LNG GRP
YC8.F,CHICO'S FAS
ZWC1.F,ZWACK UNICUM
WIG1.F,WIGE MEDIA
YSON.F,SONAE R
GDGA.F,CGG SP ADR
LDYA.F,MURRAY & ROB HLDGS
XST.F,SANWA HOLDINGS
U7MA.F,CNNC INTL
CT71.F,CONET TECH VZ
GBKB.F,TURK GAR SP ADR
EVK.F,EVONIK INDUSTR N
DRW3.F,DRAEGERWERK VZ
ZMA.F,ZOOPLA PROP
BP8.F,BOSTON PRIV HLDG
ZFIN.F,ZURICH INSUR GRP N
JB1.F,J.B.HUNT TRANSP
XUP.F,GENFIT
YU4.F,YOUKU TUDOU SP ADR
098.F,INTRALINKS HOLDINGS
YMI.F,YELLOW PAGES
QF9.F,MULTI INDOCITRA
MFY.F,MOCHIDA PHARMACEUT.
ISU.F,ISUZU MOTORS
MW7.F,MEIDENSHA
SFN.F,SAFETY INS GRP
XAH.F,MOBILE EMBRACE
APGN.F,APPLEGREEN
WPE.F,WPX ENERGY-A
J4F.F,JUNGFRAUBAHN HLD N 
QF7.F,REDHAWK RESOURCES
YSG.F,SILVER GRANT INTL
XY6.F,XYLEM
FJI.F,FUJIFILM HOLDINGS
NHK.F,NHK SPRING
XL9A.F,CN ZENITH CHEM
CFO.F,CN OUTFITTERS HLDGS
6LLN.F,ALX URANIUM
XGJ.F,GJENSIDIGE FORSIKRI
RHI.F,RED HAT
C7Y.F,CHINA YURUN FOOD GP
NGJ.F,NETGEAR
QCX1.F,CARMANAH TECH
JY8.F,JOYOU
LKG.F,LIBHOLD
ZYA.F,STATE STREET
ZZE.F,MELLANOX TECHNOLOGI
ZVF.F,INDOFOOD AGRI RES
WW4.F,WOLVERINE WORLDWIDE
WUG3.F,WESTAG & GETALIT VZ
TOK.F,TOKYO STEEL MFG
YM0.F,YMAGIS
5Q8.F,QUINSTREET
AOZ.F,ECHO GLBL LOGST
WI1.F,WINNEBAGO INDUSTR.
GAP.F,GAP
ZZ7B.F,ARC GROUP WORLDWIDE
HAM1.F,HARMONY GOLD MINING
TAH.F,TOYOTA INDUSTRIES
Q9I.F,ATLANTIC GOLD
YPF.F,YPF SA SP ADR-D
MD9.F,MANDOM
LX3.F,LEXICON PHARMA
QLG.F,QLOGIC
YAE.F,ATLAS ENERGY GR
MJ8.F,MCDONALD'S HLDG
BKN.F,BK OF NOVA SCOTIA
HHC.F,KU6 MEDIA SP ADR
QBE.F,QBE INSUR.GROUP
MEO3.F,METRO VZ
QFRA.F,GREENLAND HK HLDGS
FH0.F,FORGAME HLDGS
WTH.F,WORTHINGTON IND
CJ3A.F,CALPINE
CO2A.F,CATO CORP -A-
42W.F,WEIR GROUP
YST.F,TPG TELECOM
NJ1.F,NEW JERSEY RES
WBJ.F,WEBJET
AU6.F,BARCLAYS AFRICA
ROM.F,ROHM
CMUA.F,CN MING YANG SP ADR
BZD.F,PERSEON
NNW.F,NASPERS -N-
IJU.F,INTRUM JUSTITIA
O1A.F,ONE LIBERT PPT REIT
XQN.F,CORE MOLDING TECH
NSEA.F,NOMURA HLDGS SP ADR
ZNH.F,CHINA SOUTH SP ADR
UU4.F,OLAINFARM
GQM.F,GREAT QUEST FERTLZR
9LG.F,LOGMEIN
J7Z.F,JAZZ PHARMACEUTICAL
KU1.F,KULICKE & SOFFA IND
HIA1.F,HITACHI LTD
SAPA.F,SAP SP ADR
FJU.F,FUJI ELECTRONICS
EJF.F,ECOGREEN INTL GRP
KLI1.F,KAWASAKI KISEN
DY2.F,DENTSPLY INTL
XC1.F,CABLE ONE
YOC.F,YOC
GIB.F,GSW IMMOBILIEN
0KV.F,KOOVS
WQ9.F,WILSON BAY OVCON
NUF.F,NUFARM
YSR.F,SPYGLASS RES
NCO.F,NEDBANK GROUP
YQNP.F,PETRICHOR EGY
WA3.F,CASELLA WASTE SYS-A
WF6.F,LONG RUN EXP
CNH.F,CNA FINANCIAL
POH3.F,CARNIVAL SP ADR
ZZG.F,INFORMATION SVC GRP
MUF.F,MANCHESTER UTD A
